Campanha,Soma de Investimento,Soma de Impressoes,Soma de Cliques
Fds1,970248.575,85910383,323408
Fds2,946640.4273,80934369,302765
Fds3,886482.4024,75898640,308491
Fds4,662537.8962,57756827,240820
Dia Das Maes,469141.7049,72701691,179422
Motivos De Ser Marcas,457176.0,123016364,143924
So Tem No Marcas,453784.7116,105006732,215840
Members Mark,439669.6273,37425591,138407
Black Friday,404058.8239,43963544,97262
Material Didatico,394836.37,38437307,121197
Inauguracao Florianopolis,391473.2781,83170961,134546
Pascoa,381483.8,46979596,158992
Natal,373887.63,47772003,121690
Aniversario,336502.1141,48157653,132372
Trafego,318201.08,38845799,286688
Mega*Fds,296268.3164,35949099,137781
Alcance,288948.4736,29556314,75728
Esquenta Black,253701.4327,54270692,124745
Fds5,247626.0695,22472978,73139
Inauguracao Cristal,230323.7982,63941749,92653
Cashback,223777.66,27626441,134946
Antecipa Black,220516.0635,24025351,74377
Pampulha,213822.5491,39881966,73543
Mega*Day,207103.32,20961402,98817
Inauguracao Barra,199857.4568,44542995,61520
Novidades,197945.895,57239743,58406
Passe Livre,186041.48,35537336,117201
Impulsionamentos,185309.48,25340841,100360
Novo Posicionamento,182623.2004,57386608,84889
Novidades Marcas,175449.6801,38355844,66991
Jabaquara,174005.8205,67313586,68902
Mega Day,167928.48,30418606,80925
Indaiatuba,167678.9167,33299967,65338
Youtube,150211.4091,13239879,32774
Novo*Posicionamento,147448.44,10691274,48891
Freeshop,147236.92,17411079,82088
Material Didatico Influ,144000.0,13880260,59954
Passe*Livre,133251.4708,26008988,72157
Inauguracao*Franca,107584.8447,13541065,44388
Inauguracao*Granja,87296.6102,13287416,30035
Uberlandia,86196.5,18334990,30277
Reforco Barra,85246.9415,21779687,31597
Happy*Hour,84764.0,7164068,44458
Material Didatico Emb Economicas Novidades,82962.2967,10154727,16784
Material Didatico Parceiros Cashback,82637.6706,9527017,16639
Material Didatico Queridinhos So Tem No Marcas,82476.8279,8446783,15697
Maceio,81622.9448,9701726,30746
Fortaleza,81493.4195,14340078,27161
Fds1 Set,78954.098,3927391,27985
Inauguracao*Bonoco,77854.396,12935686,33187
Freeshop From Like To Love,71907.1761,2518069,11351
Reforco Granja Viana,69228.5345,26136800,21973
Freeshop Time To Try,68352.6036,2387561,9334
Reforco Lauro E Bonoco,65634.42,21540912,26139
Solucao*Da*Casa,61654.409999999996,6815817,58571
Fds2*Passe*Livre,59357.0,7948342,116739
Impulsionamento Black Friday,58551.07,4549044,33688
Inauguracao*Lauro,55079.1169,7159276,21540
Reforco Joinville,54587.4778,8710507,13529
Fds4 Ofertasbr,51547.130000000005,4542078,8363
Especial Vinhos,51288.0,4493187,13628
Maes*Imperdiveis,51264.729999999996,6655248,17147
Joao Pessoa,49793.8028,18334219,19065
Reforco Franca,49231.5055,10809601,20222
Pascoa Lancamento,45588.7801,2496607,12253
Fds1*Cashback,45531.0,2922097,21088
Fds1 Out,40609.7336,1637852,6587
Always On,40036.3958,2294161,14170
Redessocias Influenciadores,38986.090000000004,5300212,20563
Hardsell,38000.0,3278330,9797
Influenciador,37668.83,11687007,619996
Inauguracao*Barra,35639.1199,1757186,9333
Textil,33622.62,4736078,23620
Casa Pratica,31674.0,3718336,37715
Hora Do Cafe,30966.77,6258040,4518
Inauguracao,30883.924199999998,4152571,10929
Pascoa Sustentacao,30398.357799999998,1760536,8984
Pascoa Aquecimento,30310.992899999997,3364521,7256
Festival Drink,30000.0,1982511,7327
Beleza Cuidados,30000.0,3377698,17676
Mundo*Das*Delicias,30000.0,3413987,20775
Engajamento,30000.0,1833188,29271
Festival*Casa*Limpa,30000.0,2726961,25990
Tudo Para Seu Bebe,29999.98,6020258,19304
Socio*Week,29948.47,3221150,396599
Natal Ucrania,28692.1231,1223603,8277
Natal Angola,28687.730600000003,1192769,7679
Impulsionamento Aon,28444.45,2574632,18448
Fds3 Ofertasbr,27000.0,1396932,3749
Gourmet Pascoa,26676.38,3750531,19649
Natal Japao,25810.3016,1009124,6091
Festival*Casa*Conectada,25000.0,1657798,22273
Happy Hour,24531.03,2277078,20417
Cashback Resgate,23214.99,356788,2003
Novo*Posicionamento*Hero,22954.2727,542606,2466
Resgate De Cupom,20000.0,1535499,11348
Festival*Bebe,20000.0,2292612,18530
Socio*Week*Influenciador,19376.829999999998,1596012,38112
Dia*Do*Cafe,19198.29,3878040,12618
Cashblack,17600.0,1298805,3356
Inauguracao*Barra*Interesses,17105.4,955554,3499
Hora Do Gin,17000.0,1807763,14279
Filme3,16654.0865,1318710,391
Filme4,16654.039,1325203,398
Filme2,16653.9862,1321691,420
Filme5,16653.3767,1303992,350
Novo*Posicionamento*Filme2,16144.5915,367646,2177
Joao Pessoa - Não Pulavel,15265.3755,1705744,6891
Pescados,15000.0,1581622,14778
Fds4*Adicional*Bebidas,15000.0,1075062,5687
Inseticidas,14995.039999999999,2964643,2651
Dia*Das*Maes,14869.94,2248677,15812
Freeshop Vini,14858.3583,584831,3660
Freeshop Jesk,14844.6273,477114,3133
Inauguracao Lauro,13811.370499999999,871463,5347
Freeshop Gui,13495.3683,401372,1850
Inauguracao Bonoco,13454.688400000001,363338,1906
Pascoa*Tiktok,13241.5,903399,0
Festival*Eletro,12999.97,1612104,6763
Fds1*Cashback*Influenciador,12199.36,383992,5293
Novo*Posicionamento*Filme3,12028.5305,255255,1347
Reforco Passe Livre,11904.0,1915078,11446
Novo*Posicionamento*Filme4,11348.6856,304836,1587
Inauguracao*Granja*Viana,10534.2676,6176723,9278
Taste Room,10371.5,432184,3541
Novo*Posicionamento*Filme5,10317.9013,260757,1418
Momento Saude,10000.02,1104130,4729
Zorba,10000.0,993894,16088
Festival*Cuide*Se,10000.0,2455839,4192
Diageo*Trade,10000.0,1138340,6578
Casa Limpa,10000.0,2563866,3978
Dia Dos Pais,10000.0,760939,7172
Glenlivet,10000.0,732311,10277
Festival*Energia,10000.0,909882,3049
Especial*Cabelos,10000.0,1004110,7994
Sundown,9000.0,3466235,3636
Australian Gold,9000.0,3536528,4080
Natal Previa,8586.5802,546081,2869
Inauguracao*Granja*Viana*Display,8482.6632,3888519,6079
Fds5 Ofertasbr,8142.0772,201964,1164
Teste*Ecomm,8035.139999999999,430187,1905
Facebook,8006.05,959263,12002
Festival*Da*Limpeza,8000.0,678306,9260
Semana*Do*Consumidor,8000.0,413603,8489
Teste*Ecomm*Clique*Retire,7180.0884,162523,762
Marcasung,6730.41,1046503,5170
Teste*Ecomm*Primeira*Compra,6533.2553,210531,1231
Feira de Santana,6226.0744,1295872,1990
Festival*Eletro*Influenciador,6176.870000000001,126930,1905
Inauguracao*Barra*Lal,5191.59,254927,1273
Patrocinados Lg,5000.0,1031052,3937
Semana Da Mulher,5000.0,1331226,1148
Casa Limpa Organizada,5000.0,1767506,2145
Semana*Da*Mulher,5000.0,155621,610
Momentos De Cuidado,5000.0,1916119,1857
Negociacao Especial,5000.0,816733,1073
Trademkt Bebidas,5000.0,3958796,3472
Cadence*Trade,5000.0,541670,5867
Catupiry,5000.0,315494,2858
Casa Limpa 3m,5000.0,1673525,1612
Pao De Queijo,5000.0,288247,2043
Festival*Limpeza*Influenciador,4999.93,197808,950
Sustentacao*Teresina,4520.25,662164,2323
Festival Pet,4331.75,513429,4882
Festival*Fitness,4000.0,808689,1037
Almoco*Pascoa,4000.0,482253,4598
Influenciador*Mega*Fds,3715.63,65473,1120
Solucao Da Casa,3047.0,297878,3906
Volta*As*Aulas,3000.0,273922,3874
Eze Creperie,3000.0,967957,960
Colgate,3000.0,324213,741
Pre*Carnaval,3000.0,253394,680
Super*Bowl,3000.0,592714,628
Reforco Bonoco,2880.2639,222889,170
Reforco Lauro De Freitas,2693.0495,202221,148
Beleza E Cuidado,2584.13,1261123,1229
Inverno Perfumaria,2500.0,676957,482
Acao*Cashback,2345.89,66026,221
Casa*Flora,1999.8700000000001,200802,3530
Granut,1007.92,393303,406
Lindt Pascoa,1000.0,447001,756
Reckitt,648.6700000000001,168454,158
